<?xml version="1.0" encoding="UTF-8"?>
<cbinstall version="1.0.0" type="plugin" group="user">
	<name>CB Signature Pad</name>
	<author>HFHGC</author>
	<creationDate>2025-10-25</creationDate>
	<license>http://www.gnu.org/licenses/old-licenses/gpl-2.0.html GNU/GPL version 2</license>
	<authorEmail>admin@habitatcincinnati.app</authorEmail>
	<description>Community Builder custom field type that captures a signature in a canvas and stores a PNG publicly.</description>
	<version>1.0.8</version>
	<release>1.0.8+build.2025.10.25.19.14.31</release>
	<installfile>install.cbsignaturepad.php</installfile>

	<files>
		<filename plugin="cbsignaturepad">cbsignaturepad.php</filename>
		<filename>install.cbsignaturepad.php</filename>
		<filename>index.html</filename>
		<foldername>assets</foldername>
		<foldername>language</foldername>
		<foldername>library</foldername>
		<foldername>templates</foldername>
	</files>

	<languages>
		<language tag="en-GB">language/en-GB/en-GB.plg_cb_cbsignaturepad.ini</language>
		<language tag="en-GB">language/en-GB/en-GB.plg_cb_cbsignaturepad.sys.ini</language>
	</languages>

	
	<compatibility>
		<cbminimum>2.10.0</cbminimum>
		<cbmaximum>2.20.99</cbmaximum>
		<joomlaminimum>5.0.0</joomlaminimum>
		<joomlamaximum>5.99.99</joomlamaximum>
	</compatibility>
<views>
	</views>

	<fieldtypes>
	<fieldtype name="cbsignaturepad" group="other_types" label="Signature Pad" />
</fieldtypes>

	<fieldsparams>
		<field type="signaturepad" label="Signature Pad options">
			<params>
				<param name="canvas_height" type="text" default="220" label="PLG_CB_SIGPAD_CANVAS_HEIGHT" description="PLG_CB_SIGPAD_CANVAS_HEIGHT_DESC" />
			</params>
		</field>
	</fieldsparams>

	<params>
	</params>

	<database>
	</database>

	<compatibility>
		<cbminimum>2.10.0</cbminimum>
		<cbmaximum>2.20.99</cbmaximum>
		<joomlaminimum>5.0.0</joomlaminimum>
		<joomlamaximum>5.99.99</joomlamaximum>
	</compatibility>
</cbinstall>
