<?xml version="1.0" encoding="UTF-8"?>
<cbinstall version="1.0.0" type="plugin" group="user">
	<name>CB Core Fields Ajax</name>
	<author>Krileon</author>
	<creationDate>2024-05-30</creationDate>
	<copyright>(C) 2004-2023 www.joomlapolis.com / Lightning MultiCom SA - and its licensors, all rights reserved</copyright>
	<license>http://www.gnu.org/licenses/old-licenses/gpl-2.0.html GNU/GPL version 2</license>
	<authorEmail>krileon@joomlapolis.com</authorEmail>
	<description>A cb fields plugin to allow ajax inline editing for the available cb core field types.</description>
	<version>2.8.0</version>
	<release>5.1.0+build.2024.05.30.16.48.51.6f5d5fac9</release>
	<files>
		<filename plugin="cbcorefieldsajax">cbcorefieldsajax.php</filename>
		<filename>component.cbcorefieldsajax.php</filename>
		<filename>index.html</filename>
		<foldername>js</foldername>
		<foldername>language</foldername>
		<foldername>library</foldername>
		<foldername>templates</foldername>
	</files>
	<delete>
		<filename>cbcorefieldsajax.js</filename>
		<filename>cbcorefieldsajax.min.js</filename>
		<filename>js/cbcorefieldsajax.js</filename>
		<filename>js/cbcorefieldsajax.min.js</filename>
		<filename>cbcorefieldsajax.css</filename>
		<filename>templates/cog/template.css</filename>
		<filename>templates/cog/override.css</filename>
		<filename>templates/default/display_jquery.php</filename>
		<foldername>images</foldername>
		<library>CB/Plugin/Ajax</library>
	</delete>
	<tabsparams>
		<tab type="other_types" label="Field ajax preferences">
			<params>
				<if name="parent/fields" nametype="param:int" operator="=" value="1" valuetype="const:int" type="condition">
					<if name="parent/position" nametype="param:string" operator="!in" value="canvas_menu|*|canvas_background|*|canvas_photo|*|canvas_info|*|canvas_stats|*|canvas_title" valuetype="const:string" type="condition">
						<gridrow gutters="false">
							<gridcol size="6" cssclass="d-flex flex-column pr-sm-3">
								<fieldset label="Display">
									<param name="ajax_template" type="folderlist" default="" blanktext="Same as Global" label="Template" description="Select template to be used for this ajax display. If template is incomplete then missing files will be used from the default template. Template files can be located at the following location: components/com_comprofiler/plugin/user/plug_cbcorefieldsajax/templates/." directory="/components/com_comprofiler/plugin/user/plug_cbcorefieldsajax/templates/" />
									<if name="ajax_template" nametype="param:string" operator="!=" value="invisible" valuetype="const:string" type="showhide">
										<param name="ajax_icon" type="text" size="30" default="" label="Icon" description="Optionally override the icon CSS class (e.g. fa fa-cog, fa fa-pencil, etc..)." />
									</if>
								</fieldset>
							</gridcol>
							<gridcol size="6" cssclass="d-flex flex-column pl-sm-3">
								<fieldset label="Profile View">
									<param name="ajax_profile" type="yesno" default="0" label="Display" description="Enable or disable ajax usage for this tab on profile view." yes="Enable" no="Disable" />
									<if name="ajax_profile" nametype="param:int" operator="=" value="1" valuetype="const:int" type="showhide">
										<param name="ajax_profile_access" type="viewaccesslevel" default="2" managelevels="false" blanktext="" label="Access" description="Select view access level for ajax usage on profile view. Note access is still subject to profile edit permissions." />
										<param name="ajax_profile_output" type="list" default="1" label="Output" description="Select how the ajax edit should display. Inline will attempt to fit within the space the value is in. Tooltip will overlay the value with a tooltip window that is not limited to the space the value is in. Modal will display a centered modal window with background overlay that is not limited to the space the value is in.">
											<option value="1">Inline</option>
											<option value="2">Tooltip</option>
											<option value="3">Modal</option>
										</param>
									</if>
								</fieldset>
							</gridcol>
						</gridrow>
					</if>
				</if>
			</params>
		</tab>
	</tabsparams>
	<fieldsparams>
		<field type="other_types" label="Field ajax preferences">
			<params>
				<gridrow gutters="false">
					<gridcol size="6" cssclass="d-flex flex-column pr-sm-3">
						<fieldset label="Display">
							<param name="ajax_template" type="folderlist" default="" blanktext="Same as Global" label="Template" description="Select template to be used for this ajax display. If template is incomplete then missing files will be used from the default template. Template files can be located at the following location: components/com_comprofiler/plugin/user/plug_cbcorefieldsajax/templates/." directory="/components/com_comprofiler/plugin/user/plug_cbcorefieldsajax/templates/" />
							<if name="ajax_template" nametype="param:string" operator="!=" value="invisible" valuetype="const:string" type="showhide">
								<param name="ajax_icon" type="text" size="30" default="" label="Icon" description="Optionally override the icon CSS class (e.g. fa fa-cog, fa fa-pencil, etc..)." />
							</if>
							<param name="ajax_placeholder" type="text" size="30" default="" label="Placeholder" description="Optionally input substitution supported text to display for empty values." />
						</fieldset>
						<fieldset label="Fields">
							<param name="ajax_fields" type="field" multiple="true" size="10" default="" label="Additional Fields" blanktext="- Select Fields -" description="Optionally select additional fields to be grouped with this fields ajax edit. This can be useful if multiple fields are chained together using conditions and should be edited together." />
							<if name="ajax_fields" nametype="param:string" operator="!=" value="" valuetype="const:string" type="showhide">
								<param name="ajax_fields_titles" type="list" default="" blanktext="Normal Field Titles" label="Additional Field Titles" description="Optionally override how the titles of fields are displayed when multiple fields are being displayed at once.">
									<option value="1">1 Line with Title</option>
									<option value="3">1 Line with Empty Title</option>
									<option value="4">1 Line without Title</option>
									<option value="2">2 Lines with Title</option>
								</param>
							</if>
						</fieldset>
						<fieldset label="Profile Edit / Registration">
							<param name="ajax_update" type="field" multiple="true" size="10" default="" label="Update On" blanktext="- Select Fields -" description="Optionally select fields to refresh the display of this field when their values change. The fields selected will have their values temporarily set in the user objects resulting in substitutions seeing the new values." />
							<if name="ajax_update" nametype="param:string" operator="!=" value="" valuetype="const:string" type="showhide">
								<param name="ajax_update_empty" type="yesno" default="1" label="Display Empty Update On" description="Enable or disable display of empty ajax update responses. This will suppress the entire display of the field row if the response is empty." yes="Enable" no="Disable" />
							</if>
						</fieldset>
					</gridcol>
					<gridcol size="6" cssclass="d-flex flex-column pl-sm-3">
						<fieldset label="Profile View">
							<param name="ajax_profile" type="yesno" default="0" label="Display" description="Enable or disable ajax usage for this field on profile view." yes="Enable" no="Disable" />
							<if name="ajax_profile" nametype="param:int" operator="=" value="1" valuetype="const:int" type="showhide">
								<param name="ajax_profile_strict" type="yesno" default="0" label="Strict" description="Enable or disable if ajax edit should be strictly limited to profile view. This will prevent rendering of the HTML formatted field outside of profile from being ajax editable." yes="Enable" no="Disable" />
								<param name="ajax_profile_access" type="viewaccesslevel" default="2" managelevels="false" blanktext="" label="Access" description="Select view access level for ajax usage on profile view. Note access is still subject to profile edit permissions." />
								<param name="ajax_profile_output" type="list" default="1" label="Output" description="Select how the ajax edit should display. Inline will attempt to fit within the space the value is in. Tooltip will overlay the value with a tooltip window that is not limited to the space the value is in. Modal will display a centered modal window with background overlay that is not limited to the space the value is in.">
									<option value="1">Inline</option>
									<option value="2">Tooltip</option>
									<option value="3">Modal</option>
								</param>
							</if>
							<param name="ajax_profile_update" type="field" multiple="true" size="10" default="" label="Update On" blanktext="- Select Fields -" description="Optionally select fields to refresh the display of this field when their values change." />
						</fieldset>
						<fieldset label="Userlist View">
							<param name="ajax_list" type="yesno" default="0" label="Display" description="Enable or disable ajax usage for this field on userlists view." yes="Enable" no="Disable" />
							<if name="ajax_list" nametype="param:int" operator="=" value="1" valuetype="const:int" type="showhide">
								<param name="ajax_list_strict" type="yesno" default="0" label="Strict" description="Enable or disable if ajax edit should be strictly limited to userlists view. This will prevent rendering of the list formatted field outside of userlists from being ajax editable." yes="Enable" no="Disable" />
								<param name="ajax_list_access" type="viewaccesslevel" default="2" managelevels="false" blanktext="" label="Access" description="Select view access level for ajax usage on userlists view. Note access is still subject to profile edit permissions." />
								<param name="ajax_list_output" type="list" default="2" label="Output" description="Select how the ajax edit should display. Tooltip will overlay the value with a tooltip window that is not limited to the space the value is in. Modal will display a centered modal window with background overlay that is not limited to the space the value is in. Inline is not available for userlist as it results in an HTML form within an HTML form, which is not valid.">
									<option value="2">Tooltip</option>
									<option value="3">Modal</option>
								</param>
							</if>
						</fieldset>
					</gridcol>
				</gridrow>
			</params>
		</field>
	</fieldsparams>
	<params>
		<param name="general_template" type="folderlist" default="default" label="Template" description="Select template to be used for all of CB Core Fields Ajax. If template is incomplete then missing files will be used from the default template. Template files can be located at the following location: components/com_comprofiler/plugin/user/plug_cbcorefieldsajax/templates/." directory="/components/com_comprofiler/plugin/user/plug_cbcorefieldsajax/templates/" />
		<if name="general_template" nametype="param:string" operator="!=" value="invisible" valuetype="const:string" type="showhide">
			<param name="general_icon" type="text" size="30" default="" label="Icon" description="Optionally override the icon CSS class (e.g. fa fa-cog, fa fa-pencil, etc..)." />
		</if>
	</params>
</cbinstall>