<?xml version="1.0" encoding="UTF-8"?>
<cbinstall version="1.0.0" type="plugin" group="user">
	<name>CB Code Field</name>
	<author>Krileon</author>
	<creationDate>2024-05-30</creationDate>
	<copyright>(C) 2004-2023 www.joomlapolis.com / Lightning MultiCom SA - and its licensors, all rights reserved</copyright>
	<license>http://www.gnu.org/licenses/old-licenses/gpl-2.0.html GNU/GPL version 2</license>
	<authorEmail>krileon@joomlapolis.com</authorEmail>
	<description>A cb fields plugin to add Code, Code Check Box (Multiple), Code Drop Down (Multi-select), Code Drop Down (Single Select), Code Radio Buttons, and Code Tag field types to available cb field types in addition to Code Validation for all field types as well as Code Autocomplete for Text field type.</description>
	<version>2.8.0</version>
	<release>2.2.0+build.2024.05.30.16.47.46.c08401045</release>
	<installfile>install.cbcodefield.php</installfile>
	<files>
		<filename plugin="cbcodefield">cbcodefield.php</filename>
		<filename>install.cbcodefield.php</filename>
		<filename>index.html</filename>
		<foldername>js</foldername>
		<foldername>language</foldername>
		<foldername>library</foldername>
		<foldername>templates</foldername>
	</files>
	<delete>
		<filename>js/cbcodefield.js</filename>
		<library>CB/Plugin/Code</library>
	</delete>
	<views>
		<view name="codeValidationParams" type="params" ui="admin">
			<param name="code_validate" type="yesno" default="0" label="Code Validation" description="Enable or disable code validation. This will allow you to evaluate a fields value using your own custom code." yes="Enable" no="Disable" />
			<if name="code_validate" operator="=" value="1" valuetype="const:int" type="showhide">
				<param name="code_validate_code" type="textarea" rows="10" default="" label="Code (PHP)" description="Input substitution supported PHP code. Supply [value] substitution for user input field value. Additionally supports [reason] for determining code location. Your code should return true if valid or false if invalid. Variables $field, $user, $value, and $reason can be used directly in the code." cssclass="input-block">
					<attributes>
						<attribute name="mode">
							<if name="" type="permission" permission="core.admin" permissionasset="com_comprofiler" operator="" value="" valuetype="">
								<then>
									<param name="" default="edit" translate-default="no" type="string" />
								</then>
								<else>
									<param name="" default="show" translate-default="no" type="string" />
								</else>
							</if>
						</attribute>
					</attributes>
				</param>
				<param name="code_validate_success" type="text" default="" label="Success Message" description="Input message to display on successful validation. Supports [value] and [title] substitutions only." />
				<param name="code_validate_error" type="text" default="CODE_VALIDATION_ERROR" trasnlated-default="Not a valid input." label="Error Message" description="Input message to display on failed validation. Supports [value] and [title] substitutions only." />
				<param name="code_validate_ajax" type="yesno" default="0" label="Ajax Validation" description="Enable or disable ajax code validation. This will allow the validation to be processed dynamically as the user uses the field." yes="Enable" no="Disable" />
				<if name="code_validate_ajax" operator="=" value="1" valuetype="const:int" type="showhide">
					<param name="code_validate_fields" type="field" multiple="true" size="10" default="" label="Additional Fields" blanktext="- Select Fields -" description="Optionally select additional fields to send their values to ajax validation. This will cause substitutions to dynamically change based off the entered values." />
				</if>
			</if>
		</view>
	</views>
	<fieldsparams>
		<field type="other_types" label="Field code validation preferences">
			<params>
				<if name="parent/type" operator="=" value="text" valuetype="const:string" type="condition">
					<then>
						<tabpane name="code">
							<tabpanetab label="Validation">
								<showview view="codeValidationParams" mode="edit" type="xml" file="" path="/*/views/view" />
							</tabpanetab>
							<tabpanetab label="Auto Complete">
								<param name="code_autocomplete" type="yesno" default="0" label="Code Auto Complete" description="Enable or disable code auto complete. This will allow suggesting values to select from based off what the user has typed using your own custom code." yes="Enable" no="Disable" />
								<if name="code_autocomplete" operator="=" value="1" valuetype="const:int" type="showhide">
									<param name="code_autocomplete_code" type="textarea" rows="10" default="" label="Code (PHP)" description="Input substitution supported PHP code. Supply [value] substitution for user input field value. Additionally supports [reason] for determining code location. The code should return an array of key value pairs (e.g. array( &apos;Value&apos; =&gt; &apos;Label&apos; )). Array key will be used as the option value while the array value will be used as the label. Variables $field, $user, $value, and $reason can be used directly in the code." cssclass="input-block">
										<attributes>
											<attribute name="mode">
												<if name="" type="permission" permission="core.admin" permissionasset="com_comprofiler" operator="" value="" valuetype="">
													<then>
														<param name="" default="edit" translate-default="no" type="string" />
													</then>
													<else>
														<param name="" default="show" translate-default="no" type="string" />
													</else>
												</if>
											</attribute>
										</attributes>
									</param>
									<param name="code_autocomplete_min" type="int" size="5" default="3" label="Minimum Length" description="Input the minimum length of characters that must exist before autocomplete starts. Note this can not be less than 1." />
									<param name="code_autocomplete_fields" type="field" multiple="true" size="10" default="" label="Additional Fields" blanktext="- Select Fields -" description="Optionally select additional fields to send their values to auto complete. This will cause substitutions to dynamically change based off the entered values." />
									<param name="code_autocomplete_strict" type="yesno" default="0" label="Strict Selection" description="Enable or disable strict selection of auto complete options. This will prevent all other values from being used in the field except those provided by the auto complete." yes="Enable" no="Disable" />
									<if name="code_autocomplete_strict" operator="=" value="1" valuetype="const:int" type="showhide">
										<param name="code_autocomplete_strict_error" type="text" default="CODE_AUTOCOMPLETE_VALIDATION_ERROR" translate-default="Not a valid input." label="Strict Error Message" description="Input message to display on failed strict selection validation. Supports [value] and [title] substitutions only." />
									</if>
								</if>
							</tabpanetab>
						</tabpane>
					</then>
					<else>
						<showview view="codeValidationParams" mode="edit" type="xml" file="" path="/*/views/view" />
					</else>
				</if>
			</params>
		</field>
	</fieldsparams>
	<fieldtypes>
		<field type="code" label="Code" unique="false">
			<database version="1">
				<table name="#__comprofiler" class="moscomprofiler" maintable="true" strict="false" drop="never" shared="true">
					<columns>
					</columns>
				</table>
			</database>
			<params>
				<tabpane name="field">
					<tabpanetab label="Layout">
						<showview view="fieldLayoutParams" mode="edit" type="view" />
					</tabpanetab>
					<tabpanetab label="Code">
						<param name="code_template" type="folderlist" default="" blanktext="Same as Global" label="Template" description="Select template to be used for this code display. If template is incomplete then missing files will be used from the default template. Template files can be located at the following location: components/com_comprofiler/plugin/user/plug_cbcodefield/templates/." directory="/components/com_comprofiler/plugin/user/plug_cbcodefield/templates/" />
						<param name="code" type="textarea" rows="10" default="" label="Code (PHP)" description="Input substitution supported PHP code. Additionally supports [reason] for determining code location. The code should return the value to display (e.g. return &apos;Hello World!&apos;;). Variables $field, $user, and $reason can be used directly in the code." cssclass="input-block">
							<attributes>
								<attribute name="mode">
									<if name="" type="permission" permission="core.admin" permissionasset="com_comprofiler" operator="" value="" valuetype="">
										<then>
											<param name="" default="edit" translate-default="no" type="string" />
										</then>
										<else>
											<param name="" default="show" translate-default="no" type="string" />
										</else>
									</if>
								</attribute>
							</attributes>
						</param>
						<param name="code_content_plugins" type="yesno" default="0" label="Content Plugins" description="Enable or disable parsing code for Joomla content.prepare usages. Note this applies after substitutions allowing passing substitution values to content plugins." yes="Enable" no="Disable" />
					</tabpanetab>
				</tabpane>
			</params>
		</field>
		<field type="codemulticheckbox" label="Code Check Box (Multiple)" unique="false">
			<data name="" nametype="namesuffix" type="sql:mediumtext||sql:text" null="true" default="NULL" />
			<params>
				<tabpane name="field">
					<tabpanetab label="Layout">
						<showview view="fieldLayoutParams" mode="edit" type="view" />
					</tabpanetab>
					<tabpanetab label="Code">
						<param name="code" type="textarea" rows="10" default="" label="Code (PHP)" description="Input substitution supported PHP code. Additionally supports [reason] for determining code location. The code should return an array of key value pairs (e.g. array( &apos;Value&apos; =&gt; &apos;Label&apos; )). Array key will be used as the option value while the array value will be used as the label. A value array can be used for optgroup usage where the key in this case will be the optgroup label with the value array being the options (e.g. array( &apos;Group&apos; =&gt; array( &apos;Value&apos; =&gt; &apos;Label&apos; ) )). Variables $field, $user, and $reason can be used directly in the code." cssclass="input-block">
							<attributes>
								<attribute name="mode">
									<if name="" type="permission" permission="core.admin" permissionasset="com_comprofiler" operator="" value="" valuetype="">
										<then>
											<param name="" default="edit" translate-default="no" type="string" />
										</then>
										<else>
											<param name="" default="show" translate-default="no" type="string" />
										</else>
									</if>
								</attribute>
							</attributes>
						</param>
					</tabpanetab>
					<tabpanetab label="Option">
						<param name="code_option" type="textarea" rows="8" default="" label="Display" display="2lines" description="Optionally input custom substitution supported option display. Additionally supports [reason] for determining code location, [value] for the selected value, and [label] for the label associated with the selected value." cssclass="input-block" />
					</tabpanetab>
					<tabpanetab label="Display">
						<param name="field_edit_style" type="list" default="0" label="Edit Style" description="Select how to display this field on profile edit and registration.">
							<option value="0">Checkboxes</option>
							<option value="1">Buttons</option>
						</param>
						<param name="field_display_style" type="list" default="0" label="Display Style" description="How to display the values of this multi-valued field">
							<option value="0">Comma ","-separated line</option>
							<option value="1">Unnumbered list "ul"</option>
							<option value="2">Ordered list "ol"</option>
							<option value="3">Tags</option>
						</param>
						<if name="field_display_style" type="showhide" operator="&gt;" value="0" valuetype="const:int">
							<param name="field_display_class" type="text" size="40" default="" label="CSS class of the list" description="Enter the name of the list class (optional) for OL element, UL element, or tag span" />
						</if>
					</tabpanetab>
					<tabpanetab label="Validation">
						<param name="fieldMinLength" type="text" default="0" label="Minimum Select" description="Minimum selection of options (0 = no minimum)" />
					</tabpanetab>
				</tabpane>
			</params>
		</field>
		<field type="codemultiselect" label="Code Drop Down (Multi-select)" unique="false">
			<data name="" nametype="namesuffix" type="sql:mediumtext||sql:text" null="true" default="NULL" />
			<params>
				<tabpane name="field">
					<tabpanetab label="Layout">
						<showview view="fieldLayoutParams" mode="edit" type="view" />
					</tabpanetab>
					<tabpanetab label="Code">
						<param name="code" type="textarea" rows="10" default="" label="Code (PHP)" description="Input substitution supported PHP code. Additionally supports [reason] for determining code location. The code should return an array of key value pairs (e.g. array( &apos;Value&apos; =&gt; &apos;Label&apos; )). Array key will be used as the option value while the array value will be used as the label. A value array can be used for optgroup usage where the key in this case will be the optgroup label with the value array being the options (e.g. array( &apos;Group&apos; =&gt; array( &apos;Value&apos; =&gt; &apos;Label&apos; ) )). Variables $field, $user, and $reason can be used directly in the code." cssclass="input-block">
							<attributes>
								<attribute name="mode">
									<if name="" type="permission" permission="core.admin" permissionasset="com_comprofiler" operator="" value="" valuetype="">
										<then>
											<param name="" default="edit" translate-default="no" type="string" />
										</then>
										<else>
											<param name="" default="show" translate-default="no" type="string" />
										</else>
									</if>
								</attribute>
							</attributes>
						</param>
					</tabpanetab>
					<tabpanetab label="Option">
						<param name="code_option" type="textarea" rows="8" default="" label="Display" display="2lines" description="Optionally input custom substitution supported option display. Additionally supports [reason] for determining code location, [value] for the selected value, and [label] for the label associated with the selected value." cssclass="input-block" />
					</tabpanetab>
					<tabpanetab label="Display">
						<param name="field_display_style" type="list" default="0" label="Display on profiles as" description="How to display the values of this multi-valued field">
							<option value="0">Comma ","-separated line</option>
							<option value="1">Unnumbered list "ul"</option>
							<option value="2">Ordered list "ol"</option>
							<option value="3">Tags</option>
						</param>
						<if name="field_display_style" type="showhide" operator="&gt;" value="0" valuetype="const:int">
							<param name="field_display_class" type="text" size="40" default="" label="CSS class of the list" description="Enter the name of the list class (optional) for OL element, UL element, or tag span" />
						</if>
					</tabpanetab>
					<tabpanetab label="Validation">
						<param name="fieldMinLength" type="text" default="0" label="Minimum Select" description="Minimum selection of options (0 = no minimum)" />
					</tabpanetab>
				</tabpane>
			</params>
		</field>
		<field type="codeselect" label="Code Drop Down (Single Select)" unique="false">
			<data name="" nametype="namesuffix" type="sql:text" null="true" default="NULL" />
			<params>
				<tabpane name="field">
					<tabpanetab label="Layout">
						<showview view="fieldLayoutParams" mode="edit" type="view" />
					</tabpanetab>
					<tabpanetab label="Code">
						<param name="code" type="textarea" rows="10" default="" label="Code (PHP)" description="Input substitution supported PHP code. Additionally supports [reason] for determining code location. The code should return an array of key value pairs (e.g. array( &apos;Value&apos; =&gt; &apos;Label&apos; )). Array key will be used as the option value while the array value will be used as the label. A value array can be used for optgroup usage where the key in this case will be the optgroup label with the value array being the options (e.g. array( &apos;Group&apos; =&gt; array( &apos;Value&apos; =&gt; &apos;Label&apos; ) )). Variables $field, $user, and $reason can be used directly in the code." cssclass="input-block">
							<attributes>
								<attribute name="mode">
									<if name="" type="permission" permission="core.admin" permissionasset="com_comprofiler" operator="" value="" valuetype="">
										<then>
											<param name="" default="edit" translate-default="no" type="string" />
										</then>
										<else>
											<param name="" default="show" translate-default="no" type="string" />
										</else>
									</if>
								</attribute>
							</attributes>
						</param>
					</tabpanetab>
					<tabpanetab label="Option">
						<param name="code_option" type="textarea" rows="8" default="" label="Display" display="2lines" description="Optionally input custom substitution supported option display. Additionally supports [reason] for determining code location, [value] for the selected value, and [label] for the label associated with the selected value." cssclass="input-block" />
					</tabpanetab>
				</tabpane>
			</params>
		</field>
		<field type="coderadio" label="Code Radio Buttons" unique="false">
			<data name="" nametype="namesuffix" type="sql:text" null="true" default="NULL" />
			<params>
				<tabpane name="field">
					<tabpanetab label="Layout">
						<showview view="fieldLayoutParams" mode="edit" type="view" />
					</tabpanetab>
					<tabpanetab label="Code">
						<param name="code" type="textarea" rows="10" default="" label="Code (PHP)" description="Input substitution supported PHP code. Additionally supports [reason] for determining code location. The code should return an array of key value pairs (e.g. array( &apos;Value&apos; =&gt; &apos;Label&apos; )). Array key will be used as the option value while the array value will be used as the label. A value array can be used for optgroup usage where the key in this case will be the optgroup label with the value array being the options (e.g. array( &apos;Group&apos; =&gt; array( &apos;Value&apos; =&gt; &apos;Label&apos; ) )). Variables $field, $user, and $reason can be used directly in the code." cssclass="input-block">
							<attributes>
								<attribute name="mode">
									<if name="" type="permission" permission="core.admin" permissionasset="com_comprofiler" operator="" value="" valuetype="">
										<then>
											<param name="" default="edit" translate-default="no" type="string" />
										</then>
										<else>
											<param name="" default="show" translate-default="no" type="string" />
										</else>
									</if>
								</attribute>
							</attributes>
						</param>
					</tabpanetab>
					<tabpanetab label="Option">
						<param name="code_option" type="textarea" rows="8" default="" label="Display" display="2lines" description="Optionally input custom substitution supported option display. Additionally supports [reason] for determining code location, [value] for the selected value, and [label] for the label associated with the selected value." cssclass="input-block" />
					</tabpanetab>
					<tabpanetab label="Display">
						<param name="field_edit_style" type="list" default="0" label="Edit Style" description="Select how to display this field on profile edit and registration.">
							<option value="0">Radios</option>
							<option value="1">Buttons</option>
						</param>
					</tabpanetab>
				</tabpane>
			</params>
		</field>
		<field type="codetag" label="Code Tag" unique="false">
			<data name="" nametype="namesuffix" type="sql:mediumtext" null="true" default="NULL" translate-default="no" />
			<params>
				<tabpane name="field">
					<tabpanetab label="Layout">
						<showview view="fieldLayoutParams" mode="edit" type="view" />
					</tabpanetab>
					<tabpanetab label="Code">
						<param name="code" type="textarea" rows="10" default="" label="Code (PHP)" description="Input substitution supported PHP code. Additionally supports [reason] for determining code location. The code should return an array of key value pairs (e.g. array( &apos;Value&apos; =&gt; &apos;Label&apos; )). Array key will be used as the option value while the array value will be used as the label. A value array can be used for optgroup usage where the key in this case will be the optgroup label with the value array being the options (e.g. array( &apos;Group&apos; =&gt; array( &apos;Value&apos; =&gt; &apos;Label&apos; ) )). Variables $field, $user, and $reason can be used directly in the code." cssclass="input-block">
							<attributes>
								<attribute name="mode">
									<if name="" type="permission" permission="core.admin" permissionasset="com_comprofiler" operator="" value="" valuetype="">
										<then>
											<param name="" default="edit" translate-default="no" type="string" />
										</then>
										<else>
											<param name="" default="show" translate-default="no" type="string" />
										</else>
									</if>
								</attribute>
							</attributes>
						</param>
					</tabpanetab>
					<tabpanetab label="Option">
						<param name="code_option" type="textarea" rows="8" default="" label="Display" display="2lines" description="Optionally input custom substitution supported option display. Additionally supports [reason] for determining code location, [value] for the selected value, and [label] for the label associated with the selected value." cssclass="input-block" />
					</tabpanetab>
					<tabpanetab label="Display">
						<param name="field_display_style" type="list" default="3" label="Display on profiles as" description="How to display the values of this multi-valued field">
							<option value="0">Comma ","-separated line</option>
							<option value="1">Unnumbered list "ul"</option>
							<option value="2">Ordered list "ol"</option>
							<option value="3">Tags</option>
						</param>
						<if name="field_display_style" type="showhide" operator="&gt;" value="0" valuetype="const:int">
							<param name="field_display_class" type="text" size="40" default="" label="CSS class of the list" description="Enter the name of the list class (optional) for OL element, UL element, or tag span" />
						</if>
					</tabpanetab>
					<tabpanetab label="Validation">
						<param name="fieldMinLength" type="text" default="0" label="Minimum Select" description="Minimum selection of options (0 = no minimum)" />
					</tabpanetab>
				</tabpane>
			</params>
		</field>
	</fieldtypes>
	<params>
		<param name="general_template" type="folderlist" default="default" label="Template" description="Select template to be used for all of CB Code Field. If template is incomplete then missing files will be used from the default template. Template files can be located at the following location: components/com_comprofiler/plugin/user/plug_cbcodefield/templates/." directory="/components/com_comprofiler/plugin/user/plug_cbcodefield/templates/" />
	</params>
	<database>
	</database>
</cbinstall>