<?xml version="1.0" encoding="UTF-8"?>
<cbinstall version="1.0.0" type="plugin" group="user">
	<name>CB Query Field</name>
	<author>Krileon</author>
	<creationDate>2024-05-30</creationDate>
	<copyright>(C) 2004-2023 www.joomlapolis.com / Lightning MultiCom SA - and its licensors, all rights reserved</copyright>
	<license>http://www.gnu.org/licenses/old-licenses/gpl-2.0.html GNU/GPL version 2</license>
	<authorEmail>krileon@joomlapolis.com</authorEmail>
	<description>A cb fields plugin to add Query, Query Check Box (Multiple), Query Drop Down (Multi-select), Query Drop Down (Single Select), Query Radio Buttons, and Query Tag field types to available cb field types in addition to Query Validation for all field types as well as Query Autocomplete for Text field type.</description>
	<version>2.9.0</version>
	<release>6.2.1+build.2024.05.30.16.49.04.c56df55f4</release>
	<installfile>install.cbqueryfield.php</installfile>
	<files>
		<filename plugin="cbqueryfield">cbqueryfield.php</filename>
		<filename>install.cbqueryfield.php</filename>
		<filename>index.html</filename>
		<foldername>js</foldername>
		<foldername>language</foldername>
		<foldername>library</foldername>
		<foldername>templates</foldername>
	</files>
	<delete>
		<filename>js/cbqueryfield.js</filename>
		<foldername>xml</foldername>
		<library>CB/Plugin/Query</library>
	</delete>
	<views>
		<view name="queryValidationParams" type="params" ui="admin">
			<param name="qry_validate" type="yesno" default="0" label="Query Validation" description="Enable or disable query validation. This will allow you to evaluate a fields value using your own custom database query." yes="Enable" no="Disable" />
			<if name="qry_validate" type="showhide" operator="=" value="1" valuetype="const:int">
				<param name="qry_validate_query" type="textarea" rows="10" default="" label="Query" description="Input substitution supported Query. Supply [value] substitution for user input field value. Your query should return a compareable value (e.g. NULL, 1, 0, true, or false) for best results." cssclass="input-block">
					<attributes>
						<attribute name="mode">
							<if name="" type="permission" permission="core.admin" permissionasset="com_comprofiler" operator="" value="" valuetype="">
								<then>
									<param name="" default="edit" translate-default="no" type="string" />
								</then>
								<else>
									<param name="" default="show" translate-default="no" type="string" />
								</else>
							</if>
						</attribute>
					</attributes>
				</param>
				<param name="qry_validate_mode" type="radio" buttons="true" default="0" label="Mode" description="Select mode of query. The mode will determine what database the query is performed on." >
					<option value="0">Internal</option>
					<option value="1">External</option>
				</param>
				<if name="qry_validate_mode" type="showhide" operator="=" value="1" valuetype="const:int">
					<param name="qry_validate_host" type="text" default="" label="Host" description="" />
					<param name="qry_validate_username" type="text" default="" label="Username" description="" />
					<param name="qry_validate_password" type="text" default="" label="Password" description="" />
					<param name="qry_validate_database" type="text" default="" label="Database" description="" />
					<param name="qry_validate_charset" type="text" default="" label="Charset" description="" />
					<param name="qry_validate_prefix" type="text" default="" label="Table Prefix" description="" />
				</if>
				<param name="qry_validate_on" type="radio" buttons="true" default="0" label="Validate On" description="Select if field should validate on empty query results (a result of 0 rows) or on successful query results (a result of at least 1 row). If the query returns only 1 result then the value of the result will be used." >
					<option value="0">Empty Results</option>
					<option value="1">Successful Results</option>
				</param>
				<param name="qry_validate_success" type="text" default="" label="Success Message" description="Input message to display on successful validation. Supports [value] and [title] substitutions only." />
				<param name="qry_validate_error" type="text" default="QUERY_VALIDATION_ERROR" translated-default="Not a valid input." label="Error Message" description="Input message to display on failed validation. Supports [value] and [title] substitutions only." />
				<param name="qry_validate_ajax" type="yesno" default="0" label="Ajax Validation" description="Enable or disable ajax query validation. This will allow the validation to be processed dynamically as the user uses the field." yes="Enable" no="Disable" />
				<if name="qry_validate_ajax" operator="=" value="1" valuetype="const:int" type="showhide">
					<param name="qry_validate_fields" type="field" multiple="true" size="10" default="" label="Additional Fields" blanktext="- Select Fields -" description="Optionally select additional fields to send their values to ajax validation. This will cause substitutions to dynamically change based off the entered values." />
				</if>
			</if>
		</view>
		<view name="fieldQueryParams" type="params" ui="admin">
			<param name="qry_query" type="textarea" rows="10" default="" label="Query" cssclass="input-block">
				<attributes>
					<attribute name="mode">
						<if name="" type="permission" permission="core.admin" permissionasset="com_comprofiler" operator="" value="" valuetype="">
							<then>
								<param name="" default="edit" translate-default="no" type="string" />
							</then>
							<else>
								<param name="" default="show" translate-default="no" type="string" />
							</else>
						</if>
					</attribute>
					<attribute name="description">
						<if name="parent/type" nametype="param:string" operator="!=" value="query" valuetype="const:string" type="condition">
							<then>
								<param name="" default="Input substitution supported Query. Additionally supports [reason] for determining query location and [value] for the currently selected value. Multiple queries can be supplied separated with a ; followed by a linebreak." type="string" />
							</then>
							<else>
								<param name="" default="Input substitution supported Query. Additionally supports [reason] for determining query location." type="string" />
							</else>
						</if>
					</attribute>
				</attributes>
			</param>
			<param name="qry_mode" type="radio" buttons="true" default="0" label="Mode" description="Select mode of query. The mode will determine what database the query is performed on." >
				<option value="0">Internal</option>
				<option value="1">External</option>
			</param>
			<if name="qry_mode" type="showhide" operator="=" value="1" valuetype="const:int">
				<param name="qry_host" type="text" default="" label="Host" description="" />
				<param name="qry_username" type="text" default="" label="Username" description="" />
				<param name="qry_password" type="text" default="" label="Password" description="" />
				<param name="qry_database" type="text" default="" label="Database" description="" />
				<param name="qry_charset" type="text" default="" label="Charset" description="" />
				<param name="qry_prefix" type="text" default="" label="Table Prefix" description="" />
			</if>
			<if name="parent/type" nametype="param:string" operator="!=" value="query" valuetype="const:string" type="condition">
				<param name="qry_filter" type="yesno" default="0" label="Filterable" description="Enable or disable ajax filtering of the available options. This will allow the user to search to filter the above query. [filter] will be replaced with their search term in the query otherwise will be empty string. Note your above query should take this into account (e.g. `label` LIKE &apos;%[filter]%&apos; OR `value` = &apos;[value]&apos;). Additionally static options configured under the Global tab will only be available if not filtering." yes="Enable" no="Disable" />
			</if>
			<if name="parent/type" nametype="param:string" operator="=" value="query" valuetype="const:string" type="condition">
				<param name="qry_content_plugins" type="yesno" default="0" label="Content Plugins" description="Enable or disable parsing the query for Joomla content.prepare usages. Note this applies after substitutions allowing passing substitution values to content plugins." yes="Enable" no="Disable" />
			</if>
		</view>
		<view name="fieldQueryOptionParams" type="params" ui="admin">
			<param name="qry_col_value" type="text" default="" label="Value Column" description="Optionally input the column name to use as option value (e.g. id). If none then label column will be used." />
			<param name="qry_col_label" type="text" default="" label="Label Column" description="Optionally input the column name to use as option label (e.g. username). If none then query result will be used." />
			<if name="qry_col_label" operator="!=" value="" valuetype="const:string" type="showhide">
				<param name="qry_col_label_custom" type="text" size="60" default="" label="Custom Label" description="Optionally customize the option label display with a substitution supported string. Use [value] for stored value, [label] for untranslated label column value, and [column_COLUMN] for accessing any columns in the query results (e.g. [column_value])." />
			</if>
			<if name="parent/type" operator="regexp" value="select|multiselect" valuetype="const:string" type="condition">
				<param name="qry_col_optgrp" type="text" default="" label="Group Column" description="Optionally input the column name to use as option group label (e.g. type). This can allow grouping common options under a single label. Only the first occurence of a group will create an opt group option." />
				<if name="qry_col_optgrp" operator="!=" value="" valuetype="const:string" type="showhide">
					<param name="qry_col_optgrp_custom" type="text" size="60" default="" label="Custom Group" description="Optionally customize the option group label display with a substitution supported string. Use [value] for stored value, [label] for untranslated label column value, [group] for untranslated group column value, and [column_COLUMN] for accessing any columns in the query results (e.g. [column_value])." />
				</if>
			</if>
		</view>
		<view name="fieldQueryOptionDisplayParams" type="params" ui="admin">
			<param name="qry_option" type="textarea" rows="8" default="" label="Display" display="2lines" description="Optionally input custom substitution supported option display. Additionally supports [reason] for determining query location, [value] for the selected value, [label] for the label associated with the selected value, [group] for the option group of the selected value, and [column_COLUMN] for accessing any columns in the query results (e.g. [column_value])." cssclass="input-block" />
		</view>
	</views>
	<fieldsparams>
		<field type="other_types" label="Field query validation preferences">
			<params>
				<if name="parent/type" operator="=" value="text" valuetype="const:string" type="condition">
					<then>
						<tabpane name="query">
							<tabpanetab label="Validation">
								<showview view="queryValidationParams" mode="edit" type="xml" file="" path="/*/views/view[@name=&quot;queryValidationParams&quot;]" />
							</tabpanetab>
							<tabpanetab label="Auto Complete">
								<param name="qry_autocomplete" type="yesno" default="0" label="Query Auto Complete" description="Enable or disable query auto complete. This will allow suggesting values to select from based off what the user has typed using your own custom database query." yes="Enable" no="Disable" />
								<if name="qry_autocomplete" operator="=" value="1" valuetype="const:int" type="showhide">
									<param name="qry_autocomplete_query" type="textarea" rows="10" default="" label="Query" description="Input substitution supported Query. Supply [value] substitution for user input field value." cssclass="input-block">
										<attributes>
											<attribute name="mode">
												<if name="" type="permission" permission="core.admin" permissionasset="com_comprofiler" operator="" value="" valuetype="">
													<then>
														<param name="" default="edit" translate-default="no" type="string" />
													</then>
													<else>
														<param name="" default="show" translate-default="no" type="string" />
													</else>
												</if>
											</attribute>
										</attributes>
									</param>
									<param name="qry_autocomplete_mode" type="radio" buttons="true" default="0" label="Mode" description="Select mode of query. The mode will determine what database the query is performed on." >
										<option value="0">Internal</option>
										<option value="1">External</option>
									</param>
									<if name="qry_autocomplete_mode" type="showhide" operator="=" value="1" valuetype="const:int">
										<param name="qry_autocomplete_host" type="text" default="" label="Host" description="" />
										<param name="qry_autocomplete_username" type="text" default="" label="Username" description="" />
										<param name="qry_autocomplete_password" type="text" default="" label="Password" description="" />
										<param name="qry_autocomplete_database" type="text" default="" label="Database" description="" />
										<param name="qry_autocomplete_charset" type="text" default="" label="Charset" description="" />
										<param name="qry_autocomplete_prefix" type="text" default="" label="Table Prefix" description="" />
									</if>
									<param name="qry_autocomplete_col_value" type="text" default="" label="Value Column" description="Optionally input the column name to use as option value (e.g. id). If none then label column will be used." />
									<param name="qry_autocomplete_col_label" type="text" default="" label="Label Column" description="Optionally input the column name to use as option label (e.g. username). If none then query result will be used." />
									<param name="qry_autocomplete_min" type="int" size="5" default="3" label="Minimum Length" description="Input the minimum length of characters that must exist before autocomplete starts. Note this can not be less than 1." />
									<param name="qry_autocomplete_fields" type="field" multiple="true" size="10" default="" label="Additional Fields" blanktext="- Select Fields -" description="Optionally select additional fields to send their values to auto complete. This will cause substitutions to dynamically change based off the entered values." />
									<param name="qry_autocomplete_strict" type="yesno" default="0" label="Strict Selection" description="Enable or disable strict selection of auto complete options. This will prevent all other values from being used in the field except those provided by the auto complete. Note this can cause issues if Value and Label are using different columns as they will be searching by Label, but will be storing and validating against Value so you may need to adjust your query to account for this or consider using Query Validation instead of Strict Selection." yes="Enable" no="Disable" />
									<if name="qry_autocomplete_strict" operator="=" value="1" valuetype="const:int" type="showhide">
										<param name="qry_autocomplete_strict_error" type="text" default="QUERY_AUTOCOMPLETE_VALIDATION_ERROR" translated-default="Not a valid input." label="Strict Error Message" description="Input message to display on failed strict selection validation. Supports [value] and [title] substitutions only." />
									</if>
								</if>
							</tabpanetab>
						</tabpane>
					</then>
					<else>
						<showview view="queryValidationParams" mode="edit" type="xml" file="" path="/*/views/view[@name=&quot;queryValidationParams&quot;]" />
					</else>
				</if>
			</params>
		</field>
	</fieldsparams>
	<fieldtypes>
		<field type="query" label="Query" unique="false">
			<database version="1">
				<table name="#__comprofiler" class="moscomprofiler" maintable="true" strict="false" drop="never" shared="true">
					<columns>
					</columns>
				</table>
			</database>
			<params>
				<tabpane name="field">
					<tabpanetab label="Layout">
						<showview view="fieldLayoutParams" mode="edit" type="view" />
					</tabpanetab>
					<tabpanetab label="Query">
						<showview view="fieldQueryParams" mode="edit" type="xml" file="" path="/*/views/view[@name=&quot;fieldQueryParams&quot;]" />
					</tabpanetab>
					<tabpanetab label="Display">
						<param name="qry_output" type="radio" buttons="true" default="0" label="Output" description="Select how the query results are output. This is useful if you want to display multiple results. Template output will send the raw query results to a PHP template that can be used to custom parse and output the query results." >
							<option value="0">Single Row</option>
							<option value="1">Multiple Rows</option>
							<option value="2">Template</option>
						</param>
						<if name="qry_output" type="showhide" operator="=" value="0" valuetype="const:int">
							<param name="qry_columns" type="radio" buttons="true" default="0" label="Columns" description="Select if only a single SELECT column should be displayed (often first) or if multiple should be displayed." >
								<option value="0">Single Column</option>
								<option value="1">Multiple Columns</option>
							</param>
							<if name="qry_columns" type="showhide" operator="=" value="1" valuetype="const:int">
								<param name="qry_display" type="radio" buttons="true" default="0" label="Display" description="Select how column values should be displayed." >
									<option value="0">Delimiter</option>
									<option value="1">Custom</option>
								</param>
								<if name="qry_display" type="showhide" operator="=" value="0" valuetype="const:int">
									<param name="qry_delimiter" type="list" default="0" label="Delimiter" description="Select delimiter to seperate column values" >
										<option value="0">Comma</option>
										<option value="1">Dash</option>
										<option value="2">Space</option>
										<option value="3">Linebreak</option>
										<option value="4">Bulletin List</option>
										<option value="5">Numbered List</option>
										<option value="6">Div</option>
										<option value="7">Span</option>
										<option value="8">Paragraph</option>
										<option value="9">Tag</option>
										<option value="10">Dot</option>
									</param>
								</if>
								<if name="qry_display" type="showhide" operator="=" value="1" valuetype="const:int">
									<param name="qry_custom" type="textarea" rows="10" default="" label="Custom" description="Input substitution supported row display. Query SELECT columns can be used as substitutions (e.g. [column_username]). Additionally you can substitute in the number of columns found with [column_count]." cssclass="input-block" />
								</if>
							</if>
							<if name="qry_columns" type="showhide" operator="=" value="0" valuetype="const:int">
								<param name="qry_single_custom" type="textarea" rows="10" default="" label="Display" description="Optionally input substitution supported row display. Query SELECT result can be substituted in with [column]." cssclass="input-block" />
							</if>
						</if>
						<if name="qry_output" type="showhide" operator="=" value="1" valuetype="const:int">
							<param name="qry_multi_columns" type="radio" buttons="true" default="1" label="Columns" description="Select if only a single column per row should be displayed or if there are multiple columns to display." >
								<option value="0">Single Column</option>
								<option value="1">Multiple Columns</option>
							</param>
							<if name="qry_multi_columns" type="showhide" operator="=" value="0" valuetype="const:int">
								<param name="qry_multi_display" type="radio" buttons="true" default="0" label="Display" description="Select how column values should be displayed." >
									<option value="0">Delimiter</option>
									<option value="1">Custom</option>
								</param>
								<if name="qry_multi_display" type="showhide" operator="=" value="0" valuetype="const:int">
									<param name="qry_multi_delimiter" type="list" default="0" label="Delimiter" description="Select delimiter to seperate row values" >
										<option value="0">Comma</option>
										<option value="1">Dash</option>
										<option value="2">Space</option>
										<option value="3">Linebreak</option>
										<option value="4">Bulletin List</option>
										<option value="5">Numbered List</option>
										<option value="6">Div</option>
										<option value="7">Span</option>
										<option value="8">Paragraph</option>
										<option value="9">Tag</option>
										<option value="10">Dot</option>
									</param>
								</if>
								<if name="qry_multi_display" type="showhide" operator="=" value="1" valuetype="const:int">
									<param name="qry_multi_custom" type="textarea" rows="10" default="" label="Custom" description="Input substitution supported row display. Query SELECT row result can be substituted in with [column]. Additionally you can substitute in the number of rows found with [row_count] and the current row number with [row_number]." cssclass="input-block" />
								</if>
							</if>
							<if name="qry_multi_columns" type="showhide" operator="=" value="1" valuetype="const:int">
								<param name="qry_header" type="textarea" rows="5" default="" label="Header" description="Input substitution supported header for results display. This can be used to add surrounding tags such as table or a div to the rows. Additionally you can substitute in the number of rows found with [row_count]." cssclass="input-block" />
								<param name="qry_row" type="textarea" rows="5" default="" label="Row" description="Input substitution supported row display. Query SELECT columns can be used as substitutions (e.g. [column_username]). Additionally you can substitute in the number of rows found with [row_count] and the current row number with [row_number]." cssclass="input-block" />
								<param name="qry_footer" type="textarea" rows="5" default="" label="Footer" description="Input substitution supported footer for results display. This can be used to close surrounding tags such as table or a div to the rows. Additionally you can substitute in the number of rows found with [row_count]." cssclass="input-block" />
							</if>
						</if>
						<if name="qry_output" type="showhide" operator="=" value="2" valuetype="const:int">
							<param name="qry_template" type="folderlist" default="default" label="Template" description="Select template to be used for this query display. If template is incomplete then missing files will be used from the default template. Template files can be located at the following location: components/com_comprofiler/plugin/user/plug_cbqueryfield/templates/." directory="/components/com_comprofiler/plugin/user/plug_cbqueryfield/templates/" />
						</if>
					</tabpanetab>
				</tabpane>
			</params>
		</field>
		<field type="querymulticheckbox" label="Query Check Box (Multiple)" unique="false">
			<data name="" nametype="namesuffix" type="sql:mediumtext||sql:text" null="true" default="NULL" />
			<params>
				<tabpane name="field">
					<tabpanetab label="Layout">
						<showview view="fieldLayoutParams" mode="edit" type="view" />
					</tabpanetab>
					<tabpanetab label="Query">
						<showview view="fieldQueryParams" mode="edit" type="xml" file="" path="/*/views/view[@name=&quot;fieldQueryParams&quot;]" />
					</tabpanetab>
					<tabpanetab label="Options">
						<showview view="fieldQueryOptionParams" mode="edit" type="xml" file="" path="/*/views/view[@name=&quot;fieldQueryOptionParams&quot;]" />
					</tabpanetab>
					<tabpanetab label="Option">
						<showview view="fieldQueryOptionDisplayParams" mode="edit" type="xml" file="" path="/*/views/view[@name=&quot;fieldQueryOptionDisplayParams&quot;]" />
					</tabpanetab>
					<tabpanetab label="Display">
						<param name="field_edit_style" type="list" default="0" label="Edit Style" description="Select how to display this field on profile edit and registration.">
							<option value="0">Checkboxes</option>
							<option value="1">Buttons</option>
						</param>
						<param name="field_display_style" type="list" default="0" label="Display Style" description="How to display the values of this multi-valued field">
							<option value="0">Comma ","-separated line</option>
							<option value="1">Unnumbered list "ul"</option>
							<option value="2">Ordered list "ol"</option>
							<option value="3">Tags</option>
						</param>
						<if name="field_display_style" type="showhide" operator="&gt;" value="0" valuetype="const:int">
							<param name="field_display_class" type="text" size="40" default="" label="CSS class of the list" description="Enter the name of the list class (optional) for OL element, UL element, or tag span" />
						</if>
					</tabpanetab>
					<tabpanetab label="Validation">
						<param name="fieldMinLength" type="text" default="0" label="Minimum Select" description="Minimum selection of options (0 = no minimum)" />
					</tabpanetab>
				</tabpane>
			</params>
		</field>
		<field type="querymultiselect" label="Query Drop Down (Multi-select)" unique="false">
			<data name="" nametype="namesuffix" type="sql:mediumtext||sql:text" null="true" default="NULL" />
			<params>
				<tabpane name="field">
					<tabpanetab label="Layout">
						<showview view="fieldLayoutParams" mode="edit" type="view" />
					</tabpanetab>
					<tabpanetab label="Query">
						<showview view="fieldQueryParams" mode="edit" type="xml" file="" path="/*/views/view[@name=&quot;fieldQueryParams&quot;]" />
					</tabpanetab>
					<tabpanetab label="Options">
						<showview view="fieldQueryOptionParams" mode="edit" type="xml" file="" path="/*/views/view[@name=&quot;fieldQueryOptionParams&quot;]" />
					</tabpanetab>
					<tabpanetab label="Option">
						<showview view="fieldQueryOptionDisplayParams" mode="edit" type="xml" file="" path="/*/views/view[@name=&quot;fieldQueryOptionDisplayParams&quot;]" />
					</tabpanetab>
					<tabpanetab label="Display">
						<param name="field_display_style" type="list" default="0" label="Display on profiles as" description="How to display the values of this multi-valued field">
							<option value="0">Comma ","-separated line</option>
							<option value="1">Unnumbered list "ul"</option>
							<option value="2">Ordered list "ol"</option>
							<option value="3">Tags</option>
						</param>
						<if name="field_display_style" type="showhide" operator="&gt;" value="0" valuetype="const:int">
							<param name="field_display_class" type="text" size="40" default="" label="CSS class of the list" description="Enter the name of the list class (optional) for OL element, UL element, or tag span" />
						</if>
					</tabpanetab>
					<tabpanetab label="Validation">
						<param name="fieldMinLength" type="text" default="0" label="Minimum Select" description="Minimum selection of options (0 = no minimum)" />
					</tabpanetab>
				</tabpane>
			</params>
		</field>
		<field type="queryselect" label="Query Drop Down (Single Select)" unique="false">
			<data name="" nametype="namesuffix" type="sql:text" null="true" default="NULL" />
			<params>
				<tabpane name="field">
					<tabpanetab label="Layout">
						<showview view="fieldLayoutParams" mode="edit" type="view" />
					</tabpanetab>
					<tabpanetab label="Query">
						<showview view="fieldQueryParams" mode="edit" type="xml" file="" path="/*/views/view[@name=&quot;fieldQueryParams&quot;]" />
					</tabpanetab>
					<tabpanetab label="Options">
						<showview view="fieldQueryOptionParams" mode="edit" type="xml" file="" path="/*/views/view[@name=&quot;fieldQueryOptionParams&quot;]" />
					</tabpanetab>
					<tabpanetab label="Option">
						<showview view="fieldQueryOptionDisplayParams" mode="edit" type="xml" file="" path="/*/views/view[@name=&quot;fieldQueryOptionDisplayParams&quot;]" />
					</tabpanetab>
				</tabpane>
			</params>
		</field>
		<field type="queryradio" label="Query Radio Buttons" unique="false">
			<data name="" nametype="namesuffix" type="sql:text" null="true" default="NULL" />
			<params>
				<tabpane name="field">
					<tabpanetab label="Layout">
						<showview view="fieldLayoutParams" mode="edit" type="view" />
					</tabpanetab>
					<tabpanetab label="Query">
						<showview view="fieldQueryParams" mode="edit" type="xml" file="" path="/*/views/view[@name=&quot;fieldQueryParams&quot;]" />
					</tabpanetab>
					<tabpanetab label="Options">
						<showview view="fieldQueryOptionParams" mode="edit" type="xml" file="" path="/*/views/view[@name=&quot;fieldQueryOptionParams&quot;]" />
					</tabpanetab>
					<tabpanetab label="Option">
						<showview view="fieldQueryOptionDisplayParams" mode="edit" type="xml" file="" path="/*/views/view[@name=&quot;fieldQueryOptionDisplayParams&quot;]" />
					</tabpanetab>
					<tabpanetab label="Display">
						<param name="field_edit_style" type="list" default="0" label="Edit Style" description="Select how to display this field on profile edit and registration.">
							<option value="0">Radios</option>
							<option value="1">Buttons</option>
						</param>
					</tabpanetab>
				</tabpane>
			</params>
		</field>
		<field type="querytag" label="Query Tag" unique="false">
			<data name="" nametype="namesuffix" type="sql:mediumtext" null="true" default="NULL" translate-default="no" />
			<params>
				<tabpane name="field">
					<tabpanetab label="Layout">
						<showview view="fieldLayoutParams" mode="edit" type="view" />
					</tabpanetab>
					<tabpanetab label="Query">
						<showview view="fieldQueryParams" mode="edit" type="xml" file="" path="/*/views/view[@name=&quot;fieldQueryParams&quot;]" />
					</tabpanetab>
					<tabpanetab label="Options">
						<showview view="fieldQueryOptionParams" mode="edit" type="xml" file="" path="/*/views/view[@name=&quot;fieldQueryOptionParams&quot;]" />
					</tabpanetab>
					<tabpanetab label="Option">
						<showview view="fieldQueryOptionDisplayParams" mode="edit" type="xml" file="" path="/*/views/view[@name=&quot;fieldQueryOptionDisplayParams&quot;]" />
					</tabpanetab>
					<tabpanetab label="Display">
						<param name="field_display_style" type="list" default="3" label="Display on profiles as" description="How to display the values of this multi-valued field">
							<option value="0">Comma ","-separated line</option>
							<option value="1">Unnumbered list "ul"</option>
							<option value="2">Ordered list "ol"</option>
							<option value="3">Tags</option>
						</param>
						<if name="field_display_style" type="showhide" operator="&gt;" value="0" valuetype="const:int">
							<param name="field_display_class" type="text" size="40" default="" label="CSS class of the list" description="Enter the name of the list class (optional) for OL element, UL element, or tag span" />
						</if>
					</tabpanetab>
					<tabpanetab label="Validation">
						<param name="fieldMinLength" type="text" default="0" label="Minimum Select" description="Minimum selection of options (0 = no minimum)" />
					</tabpanetab>
				</tabpane>
			</params>
		</field>
	</fieldtypes>
	<params>
		<param name="general_template" type="folderlist" default="default" label="Template" description="Select template to be used for all of CB Query Field. If template is incomplete then missing files will be used from the default template. Template files can be located at the following location: components/com_comprofiler/plugin/user/plug_cbqueryfield/templates/." directory="/components/com_comprofiler/plugin/user/plug_cbqueryfield/templates/" />
	</params>
	<database>
	</database>
</cbinstall>