<?xml version="1.0" encoding="UTF-8"?>
<cbinstall version="1.0.0" type="plugin" group="user">
	<name>CB Field Groups</name>
	<author>Krileon</author>
	<creationDate>2024-04-24</creationDate>
	<copyright>(C) 2004-2023 www.joomlapolis.com / Lightning MultiCom SA - and its licensors, all rights reserved</copyright>
	<license>http://www.gnu.org/licenses/old-licenses/gpl-2.0.html GNU/GPL version 2</license>
	<authorEmail>krileon@joomlapolis.com</authorEmail>
	<description>A cb fields plugin to add a Field Group field type to available cb field types.</description>
	<version>2.8.0</version>
	<release>2.1.1+build.2024.04.24.14.23.20.74be5ef36</release>
	<files>
		<filename plugin="cbfieldgroups">cbfieldgroups.php</filename>
		<filename>index.html</filename>
		<foldername>language</foldername>
		<foldername>library</foldername>
		<foldername>templates</foldername>
	</files>
	<delete>
		<library>CB/Plugin/FieldGroups</library>
	</delete>
	<fieldtypes>
		<field type="fieldgroup" label="Field Group" unique="false">
			<data name="" nametype="namesuffix" type="sql:text" null="true" default="NULL" />
			<params>
				<tabpane name="field">
					<tabpanetab label="Layout">
						<showview view="fieldLayoutParams" mode="edit" type="view" />
					</tabpanetab>
					<tabpanetab label="Field Group">
						<if name="" nametype="data:bool" operator="=" value="0" valuetype="const:bool" type="condition">
							<left>
								<param name="" type="private" class="\CB\Plugin\FieldGroups\CBFieldGroups" method="canSearch" />
							</left>
							<then>
								<param name="" type="spacer" default="Unsupported database for Field Group searching. Please update to MySQL 5.7.8+ and ensure Community Builder is up to date to be able to support searching Field Group fields." label="" alertclass="warning" cssclass="d-block" display="2lines" />
							</then>
						</if>
						<param name="repeat_fields" type="list" multiple="true" size="10" default="" blanktext="- Select Fields -" label="Fields" description="Select the fields to group together. Note this will suppress the selected fields normal display output on all views and will only be displayed from this field.">
							<data name="" type="sql:multiplerows" table="#__comprofiler_fields" key="fieldid">
								<rows>
									<field name="fieldid" as="value" />
									<field name="name" as="text" />
								</rows>
								<where>
									<column name="tab_published" operator="=" value="1" type="sql:subquery" valuetype="sql:int">
										<data name="enabled" type="sql:field" table="#__comprofiler_tabs" key="tabid" value="tabid" />
									</column>
									<column name="fieldid" operator="!=" value="parent/fieldid" type="sql:field" valuetype="ext:int:modelofdata" />
									<column name="published" operator="=" value="1" type="sql:field" valuetype="sql:int" />
									<column name="name" operator="NOT REGEXP" value="(^NA$)|(^cb_subs_inv)|(^cb_pb_)|(^privacy_)" type="sql:field" valuetype="sql:string" />
									<column name="sys" operator="=" value="0" type="sql:field" valuetype="sql:int" />
									<column name="type" operator="NOT REGEXP" value="(^socialid$)|(^invite_code$)|(^templatechanger_cb$)|(^antispam_)" type="sql:field" valuetype="sql:string" />
								</where>
								<groupby>
									<field name="fieldid" />
								</groupby>
								<orderby>
									<field name="tab_position" type="sql:int" ordering="ASC">
										<data name="position" type="sql:field" table="#__comprofiler_tabs" key="tabid" value="tabid" />
									</field>
									<field name="tab_ordering" type="sql:int" ordering="ASC">
										<data name="ordering" type="sql:field" table="#__comprofiler_tabs" key="tabid" value="tabid" />
									</field>
									<field name="field_ordering" type="sql:int" ordering="ASC">
										<data name="ordering" type="sql:field" />
									</field>
								</orderby>
							</data>
						</param>
						<param name="repeat_label" type="text" label="Button Label" description="Optionally input the button label for adding new rows." />
						<param name="repeat_limit" type="int" default="5" size="5" label="Group Limit" description="Input the maximum number of field groups this field can create. Set to 0 for unlimited." />
						<param name="repeat_multiple" type="yesno" default="0" label="Multiple Groups" description="Enable or disable if multiple field groups can be inserted at once or one by one." />
						<param name="repeat_ordering" type="yesno" default="0" label="Group Reordering" description="Enable or disable drag and drop reordering of field groups." />
					</tabpanetab>
					<tabpanetab label="Display">
						<param name="repeat_template" type="folderlist" default="" blanktext="Same as Global" label="Display Template" description="Select template to be used for this field group display. If template is incomplete then missing files will be used from the default template. Template files can be located at the following location: components/com_comprofiler/plugin/user/plug_cbfieldgroups/templates/." directory="/components/com_comprofiler/plugin/user/plug_cbfieldgroups/templates/" />
						<param name="repeat_template_custom" type="textarea" rows="10" default="" label="Custom Display Rows" description="Optionally input substitution supported HTML template for field display rows. Use [title_FIELD_NAME] for outputting a fields title, [description_FIELD_NAME] for outputting a fields description, [field_FIELD_NAME] for outputting the fields display HTML, [row_number] for the current row number, and [row_count] for the total number of rows. Note this only applies to the field display rows and all other templating will inherit from the selected display template." cssclass="input-block" />
						<param name="repeat_formatting" type="list" default="div" label="Display Field Format" description="Select the format the display fields should be output in. This determines the surrounding HTML around a fields input. Recommended to leave as div unless using custom display rows for inline field output. If set to None then only the fields input will be output. Note that some plugins need the fields surrounding HTML to function so setting to None may result in some features not working.">
							<option value="none">None</option>
							<option value="div">Div</option>
							<option value="span">Span</option>
						</param>
						<param name="repeat_empty_fields" type="list" default="" blanktext="Normal CB Default" label="Display Empty Fields" description="Enable or disable of empty fields in this field group.">
							<option value="1">Yes</option>
							<option value="0">No</option>
						</param>
						<param name="repeat_template_edit" type="folderlist" default="" blanktext="Same as Display" label="Edit Template" description="Select template to be used for this field group edit display. If template is incomplete then missing files will be used from the default template. Template files can be located at the following location: components/com_comprofiler/plugin/user/plug_cbfieldgroups/templates/." directory="/components/com_comprofiler/plugin/user/plug_cbfieldgroups/templates/" />
						<param name="repeat_template_edit_custom" type="textarea" rows="10" default="" label="Custom Edit Rows" description="Optionally input substitution supported HTML template for field edit rows. Use [title_FIELD_NAME] for outputting a fields title, [description_FIELD_NAME] for outputting a fields description, and [field_FIELD_NAME] for outputting the fields edit HTML. Note this only applies to the field edit rows and all other templating will inherit from the selected edit template." cssclass="input-block" />
						<param name="repeat_formatting_edit" type="list" default="div" label="Edit Field Format" description="Select the format the edit fields should be output in. This determines the surrounding HTML around a fields input. Recommended to leave as div unless using custom display rows for inline field output. If set to None then only the fields input will be output. Note that some plugins need the fields surrounding HTML to function so setting to None may result in some features not working.">
							<option value="none">None</option>
							<option value="div">Div</option>
							<option value="span">Span</option>
						</param>
					</tabpanetab>
					<tabpanetab label="Search">
						<param name="repeat_search_operator" type="list" default="0" label="Search Operator" description="Select what operator to use when searching multiple fields inside of the field group. Same as List will be based off the search criteria of the userlist (simple any = OR, simple is = AND, advanced = OR). OR will allow any of the searched group fields to match. AND will require all of the searched group fields to match.">
							<option value="0">Same as List</option>
							<option value="1">OR</option>
							<option value="2">AND</option>
						</param>
					</tabpanetab>
				</tabpane>
			</params>
		</field>
	</fieldtypes>
	<params>
		<param name="general_template" type="folderlist" default="default" label="Template" description="Select template to be used for all of CB Field Groups. If template is incomplete then missing files will be used from the default template. Template files can be located at the following location: components/com_comprofiler/plugin/user/plug_cbfieldgroups/templates/." directory="/components/com_comprofiler/plugin/user/plug_cbfieldgroups/templates/" />
	</params>
	<database>
	</database>
</cbinstall>