<?xml version="1.0" encoding="UTF-8"?>
<cbinstall version="1.0" type="plugin" group="user">
	<name>CB Progress Field</name>
	<author>Krileon</author>
	<creationDate>2024-04-23</creationDate>
	<copyright>(C) 2004-2023 www.joomlapolis.com / Lightning MultiCom SA - and its licensors, all rights reserved</copyright>
	<license>http://www.gnu.org/licenses/old-licenses/gpl-2.0.html GNU/GPL version 2</license>
	<authorEmail>krileon@joomlapolis.com</authorEmail>
	<description>Display a users profile progress with a field.</description>
	<version>2.8.0</version>
	<release>4.0.2+build.2024.04.23.14.20.47.dedc7e756</release>
	<files>
		<filename plugin="cbprogressfield">cbprogressfield.php</filename>
		<filename>index.html</filename>
		<foldername>language</foldername>
		<foldername>library</foldername>
		<foldername>templates</foldername>
	</files>
	<delete>
		<filename>admin.cbprogressfield.css</filename>
		<filename>admin.cbprogressfield.html.php</filename>
		<filename>admin.cbprogressfield.php</filename>
		<filename>cbprogressfield.class.php</filename>
		<filename>field.cbprogressfield.css</filename>
		<filename>field.cbprogressfield.php</filename>
		<filename>plugin.cbprogressfield.php</filename>
		<filename>toolbar.cbprogressfield.html.php</filename>
		<filename>toolbar.cbprogressfield.php</filename>
		<foldername>images</foldername>
	</delete>
	<fieldtypes>
		<field type="progress" label="Progress" unique="false">
			<database version="1">
				<table name="#__comprofiler" class="moscomprofiler" maintable="true" strict="false" drop="never" shared="true">
					<columns>
					</columns>
				</table>
			</database>
			<params>
				<tabpane name="field">
					<tabpanetab label="Layout">
						<showview view="fieldLayoutParams" mode="edit" type="view" />
					</tabpanetab>
					<tabpanetab label="Progress">
						<param name="prg_template" type="folderlist" default="" blanktext="Same as Global" label="Template" description="Select template to be used for this progress display. If template is incomplete then missing files will be used from the default template. Template files can be located at the following location: components/com_comprofiler/plugin/user/plug_cbprogressfield/templates/." directory="/components/com_comprofiler/plugin/user/plug_cbprogressfield/templates/" />
						<param name="prg_fields" type="field" multiple="true" size="10" default="" label="Fields" description="Select the fields to be used in progress calculation. All fields progress is calculated automatically from a scale of 100 percent." />
						<param name="prg_hide" type="yesno" default="0" label="Hide on Complete" />
						<param name="prg_private" type="yesno" default="1" label="Private Display" description="Enable or disable display of progress field to users self only. Moderators are exempt and can always see progress." />
						<gridrow gutters="false">
							<gridcol size="6" cssclass="pr-sm-3">
								<fieldset label="Progress Bar">
									<param name="prg_bar" type="yesno" default="1" label="Display" />
									<if name="prg_bar" operator="!=" value="0" valuetype="const:string" type="showhide">
										<param name="prg_bar_completeness" type="yesno" default="0" label="Display % Complete" />
										<param name="prg_bar_striped" type="yesno" default="0" label="Striped" />
										<if name="prg_bar_striped" operator="!=" value="0" valuetype="const:string" type="showhide">
											<param name="prg_bar_animated" type="yesno" default="0" label="Animated" description="This is subject to user browser and device preference. If browser is set to reduced motion the progress bar will not animate." />
										</if>
										<param name="prg_bar_height" type="int" size="4" default="" label="Height" description="Optionally supply a custom height for the progress bar in pixels (e.g. for 20px height simply supply a value of 20)." />
										<params name="prg_bar_colors" type="params" repeat="true" label="Colors" display="2lines" repeatlabel="Add Colors">
											<gridrow gutters="false">
												<gridcol size="6" cssclass="pr-sm-3">
													<param name="complete" type="int" default="0" label="% Complete" description="Input the percentage complete as an integer for when this color starts applying." display="2lines" cssclass="input-block" />
												</gridcol>
												<gridcol size="6" cssclass="pl-sm-3">
													<param name="color" type="color" default="#007bff" label="Color" display="2lines" cssclass="input-block" />
												</gridcol>
											</gridrow>
										</params>
									</if>
								</fieldset>
							</gridcol>
							<gridcol size="6" cssclass="pl-sm-3">
								<fieldset label="Checklist">
									<param name="prg_checklist" type="list" default="0" label="Display">
										<option value="0">Hide</option>
										<option value="1">Show Complete</option>
										<option value="2">Show InComplete</option>
										<option value="3">Show Complete &amp; InComplete</option>
									</param>
									<if name="prg_checklist" operator="in" value="2|3" valuetype="const:string" type="showhide">
										<param name="prg_checklist_links" type="yesno" default="0" label="Incomplete Field Links" description="This will link directly to profile edit, the tab the field is on, and try to focus the field. This can help users find what they need to complete quicker." />
									</if>
									<if name="prg_checklist" operator="!=" value="0" valuetype="const:string" type="showhide">
										<param name="prg_checklist_columns" type="list" default="1" label="Columns">
											<option value="1">1</option>
											<option value="2">2</option>
											<option value="3">3</option>
											<option value="4">4</option>
										</param>
									</if>
								</fieldset>
							</gridcol>
						</gridrow>
					</tabpanetab>
				</tabpane>
			</params>
		</field>
	</fieldtypes>
	<params>
		<param name="general_template" type="folderlist" default="default" label="Template" description="Select template to be used for all of CB Progress Field. If template is incomplete then missing files will be used from the default template. Template files can be located at the following location: components/com_comprofiler/plugin/user/plug_cbprogressfield/templates/." directory="/components/com_comprofiler/plugin/user/plug_cbprogressfield/templates/" />
	</params>
</cbinstall>