<?xml version="1.0" encoding="utf-8"?>
<cbinstall type="plugin" group="user">
  <name>CB Signature Field</name>
  <version>2.10</version>
  <release>3.0.1</release>
  <author>Orion HFH Software</author>
  <creationDate>2025-10-26</creationDate>
  <license>GPLv2 or later</license>
  <description>Signature field for Community Builder (namespaced &amp; autoloaded for CB 2.10+).</description>

  <files>
    <filename plugin="cbsignaturefield">cbsignaturefield.php</filename>
    <filename>library/Field/SignatureField.php</filename>
    <filename>media/signature.js</filename>
    <filename>tmpl/input.php</filename>
  </files>

  <add>
    <fieldtype name="Signature" type="signature" class="CB\Plugin\Signature\Field\SignatureField" file="cbsignaturefield.php" />
  </add>

  <params>
    <param name="height" type="text" default="180" label="Canvas height (px)" />
    <param name="penWidth" type="text" default="2" label="Pen width (px)" />
    <param name="penColor" type="text" default="#111111" label="Pen color (hex)" />
    <param name="bgColor" type="text" default="#ffffff" label="Background color (hex)" />
    <param name="storePath" type="text" default="images/comprofiler/signatures" label="Storage path (relative to Joomla root)" />
  </params>
</cbinstall>
